filename,sharpness,exposure,entropy,feature_count,sharpness_norm,exposure_norm,entropy_norm,feature_count_norm,quality_score
DSC05781.jpg,186.96440113488484,0.9330125632135765,7.651388989146636,2000.0,1.0,0.9056307804554004,0.9178477483325904,1.0,0.9599772447803682
DSC05660.jpg,165.69553416070795,0.9969426435983352,7.552482233427064,2000.0,0.8756814616084871,0.996397541965401,0.8728651066602571,1.0,0.9363768453059479
DSC05758.jpg,170.14352898379136,0.8965990596122821,7.586395185849577,2000.0,0.9016804118981344,0.8539315525296647,0.8882886657060922,1.0,0.9116447448430749
DSC05579.jpg,158.14065446599818,0.9067303590435687,7.536541768429441,2000.0,0.8315224754946354,0.8683157865824226,0.8656154074879228,1.0,0.8896587707915808
DSC05779.jpg,141.11079085794515,0.9183099101525957,7.572437657075663,2000.0,0.7319813125671305,0.8847562219389921,0.8819408029044007,1.0,0.8671716098357674
DSC05587.jpg,137.84305238494042,0.8656636470922352,7.608114115920785,2000.0,0.7128810722344937,0.8100100183548068,0.8981664019819598,1.0,0.8460001066554418
DSC05759.jpg,119.05651065377951,0.9250901106699984,7.562801936219003,2000.0,0.6030719595871346,0.8943826269059376,0.8775584917528886,1.0,0.8300289429532024
DSC05783.jpg,125.04177229150834,0.9092348315756437,7.478048835196866,2000.0,0.6380563797537869,0.8718715909809008,0.8390129106531794,1.0,0.8271873938019972
DSC05576.jpg,139.57129663307794,0.8407778394798767,7.465062909509965,2000.0,0.722982823266782,0.7746776028324073,0.8331069314538049,1.0,0.8271856339788973
DSC05760.jpg,160.9538597913844,0.718777572037822,7.429511215004921,2000.0,0.8479659266042716,0.6014638494251882,0.8169380750078524,1.0,0.8181433553391491
DSC05782.jpg,122.7334020141017,0.8645299679785498,7.497501267681828,2000.0,0.6245637372307025,0.8084004414370014,0.8478598472831426,1.0,0.8090412009850896
DSC05672.jpg,118.46126155746649,0.9159927440121618,7.373946318499131,2000.0,0.5995926723396121,0.8814663517373279,0.7916672448113097,1.0,0.8085778385984775
DSC05588.jpg,113.36585838819128,0.9410658207264162,7.299845255412672,2000.0,0.5698095590553517,0.917064648513242,0.7579661943208063,1.0,0.8018022687090773
DSC05578.jpg,162.5860227049662,0.7183171443632222,7.191726463462165,2000.0,0.8575060731517902,0.6008101426148498,0.7087939326186379,1.0,0.7992131441229771
DSC05675.jpg,94.68649482112657,0.9802187893779712,7.47779086557997,2000.0,0.460626912910609,0.9726533189265436,0.8388955864648089,1.0,0.7991305208977804
DSC05761.jpg,89.99643329100797,0.9647844891364531,7.624519169639417,2000.0,0.4332130598314338,0.9507399810945828,0.9056273953961294,1.0,0.7987743923023016
DSC05682.jpg,139.66512668482534,0.8029969246401092,7.2414098248916225,2000.0,0.7235312687906832,0.7210369493833247,0.7313898496315755,1.0,0.7935965879093513
DSC05757.jpg,110.22741186271539,0.8575103188183745,7.585667972080297,2000.0,0.5514650423803075,0.7984340716565966,0.8879579299927962,1.0,0.7926396166268007
DSC05670.jpg,101.00180475709666,0.9546094973103652,7.314645826023425,2000.0,0.4975404965858665,0.9362937133770013,0.7646974712642866,1.0,0.7862750715728676
DSC05778.jpg,122.19588776693227,0.8737456027932107,7.206782790675243,2000.0,0.6214219156351352,0.8214846315764683,0.7156415272748368,1.0,0.784926038039625
DSC05709.jpg,98.34269069347565,0.9951585418277584,7.188846946912029,2000.0,0.48199772347025843,0.9938645068284998,0.7074843328827859,1.0,0.7845623103247596
DSC05691.jpg,134.30510340468524,0.7955642020531434,7.272530546502573,2000.0,0.6922014259391325,0.7104841054894829,0.7455435063623542,1.0,0.7843901554265813
DSC05743.jpg,99.61971275571398,0.9805406334423985,7.21570547894338,2000.0,0.4894620381638402,0.9731102672560852,0.7196995522924353,1.0,0.7840560887216604
DSC05681.jpg,135.67625537877507,0.7772884940551196,7.303805660550273,2000.0,0.700215938867275,0.6845365887759185,0.7597673805379245,1.0,0.783152404961747
DSC05771.jpg,84.46253097204732,0.9978756926943123,7.4251726356358505,2000.0,0.4008668775580729,0.9977222680452366,0.8149648957269627,1.0,0.7826836094241236
DSC05584.jpg,91.95021180762646,0.8943283676816638,7.679270909817694,2000.0,0.44463307998679275,0.8507076655630177,0.930528403334951,1.0,0.7821725210537824
DSC05635.jpg,112.5155127377507,0.7938234048640146,7.667126151770951,2000.0,0.5648392083301014,0.7080125534070831,0.9250049858955727,1.0,0.7814558980299158
DSC05573.jpg,128.62088849837485,0.806071728913693,7.299520609896316,2000.0,0.6589766523809676,0.7254025003807681,0.7578185460350393,1.0,0.7806073300164902
DSC05723.jpg,85.9390276436001,0.999479975854144,7.3199725626156145,2000.0,0.40949714020301,1.0,0.7671200629433496,1.0,0.7762731546495729
DSC05732.jpg,86.11879445539996,0.9957929000622888,7.321009037272213,2000.0,0.410547894214561,0.9947651570738771,0.7675914500365874,1.0,0.7753739475401551
DSC05763.jpg,96.3175617517554,0.942999062834116,7.316550387004844,2000.0,0.4701606533341444,0.9198094303792212,0.7655636626942547,1.0,0.7741132861338995
DSC05638.jpg,81.88621367989145,0.9838506204118697,7.422404649108944,2000.0,0.3858080593999424,0.9778097263534467,0.8137060196755965,1.0,0.7729360533434637
DSC05797.jpg,145.55194418660372,0.7349987791337323,7.16548382256534,2000.0,0.7579402736750155,0.6244944232492412,0.6968588195577615,1.0,0.7728774518263672
DSC05773.jpg,77.14355463841248,0.9949587209975276,7.464903700611177,2000.0,0.3580867688938798,0.9935808048601441,0.8330345234894234,1.0,0.7724281365810847
DSC05775.jpg,93.21947923947621,0.9224232935019187,7.429013946729627,2000.0,0.45205206813256904,0.8905963285557861,0.8167119181545631,1.0,0.7716070862096298
DSC05643.jpg,76.84351304157128,0.975371644519541,7.5151689448165016,2000.0,0.3563329973920296,0.9657714311090764,0.8558950799014768,1.0,0.7695217729751733
DSC05636.jpg,95.38953736078616,0.9902170800160376,7.072289597212098,2000.0,0.4647362630261395,0.9868487095218821,0.6544742279846498,1.0,0.7670279018852424
DSC05641.jpg,89.65097920947099,0.916026576998253,7.451194861684899,2000.0,0.43119384806288014,0.881514387193583,0.8267997644511944,1.0,0.7650967041074986
DSC05619.jpg,76.80681805085914,0.9950448603096302,7.3721801031296215,2000.0,0.3561185117018815,0.9937031038835648,0.7908639727546658,1.0,0.7634341240323888
DSC05774.jpg,116.74315851251227,0.7514252998393856,7.551228370653513,2000.0,0.58955019759876,0.6478164975897667,0.872294851782938,1.0,0.7632781540336573
DSC05740.jpg,89.5062515924364,0.8859338978105848,7.519200017105394,2000.0,0.43034790145761564,0.83878935042552,0.8577284054312379,1.0,0.7603473891299123
DSC05644.jpg,109.09607396573222,0.8445178517944422,7.297232640120472,2000.0,0.5448522654067791,0.7799876040674684,0.7567779808700499,1.0,0.7598081768129108
DSC05574.jpg,78.98810817813167,0.9396940316718216,7.504855995906898,2000.0,0.3688683587322663,0.915117007446454,0.8512047664642324,1.0,0.7596807127741398
DSC05700.jpg,107.12119641051132,0.8103517638646257,7.457384611939582,2000.0,0.5333089193759185,0.7314792159004062,0.8296148534278978,1.0,0.7587854504734567
DSC05598.jpg,77.38760792552243,0.9417069395918055,7.517991546339931,2000.0,0.35951328343177175,0.9179748973789422,0.8571787947699757,1.0,0.7587834683282622
DSC05577.jpg,88.19215687403776,0.889585473764725,7.4893552231663,2000.0,0.4226668935836338,0.8439737913298695,0.8441550386598796,1.0,0.7566245236395335
DSC05602.jpg,88.00073610702998,0.9445135970344807,7.215193570552629,2000.0,0.4215480211020351,0.9219597383991062,0.7194667371369622,1.0,0.7508476883577795
DSC05668.jpg,72.33165944828762,0.9844952258684634,7.352111958426461,2000.0,0.32996078655284705,0.9787249254177143,0.7817370111468028,1.0,0.7500168695496433
DSC05765.jpg,74.94512628566919,0.9800264376837639,7.305184450755749,2000.0,0.34523674731523457,0.9723802215012144,0.760394452220774,1.0,0.7487449700140287
DSC05756.jpg,127.64339865206608,0.7178611131496172,7.299902136129699,2000.0,0.6532631318096466,0.6001626778196033,0.7579920635841694,1.0,0.7476180217146287
DSC05710.jpg,83.65105814323314,0.918894393352521,7.361267786944931,2000.0,0.3961237421505739,0.8855860605203756,0.7859010679947235,1.0,0.7474138513742108
DSC05631.jpg,62.14286667150849,0.943791745870086,7.678519672521002,2000.0,0.27040632944325743,0.9209348672885116,0.9301867417580231,1.0,0.7473929640067097
DSC05742.jpg,77.66708412161037,0.9797687207946714,7.238268871086893,2000.0,0.36114684822180293,0.9720143197649961,0.7299613486310159,1.0,0.7473399041339931
DSC05642.jpg,76.2806870385541,0.9963531523855891,7.194394824251834,2000.0,0.35304322619035794,0.9955605930988026,0.7100074990366337,1.0,0.7468046159391348
DSC05580.jpg,84.57576773542523,0.8967342908743342,7.421491782454159,2000.0,0.4015287571463189,0.8541235514077751,0.8132908493130863,1.0,0.7466476848584567
DSC05714.jpg,62.68749805985278,0.9494507779834183,7.620298757532347,2000.0,0.2735897514019028,0.928969457814863,0.9037079584057973,1.0,0.745060881555446
DSC05784.jpg,73.91412620699032,0.9688814799136549,7.325223494006404,2000.0,0.3392104543764283,0.9565568138366172,0.769508178532416,1.0,0.744803975478566
DSC05787.jpg,100.30778424075659,0.8663260136546098,7.210736584897978,2000.0,0.49348388104965224,0.8109504343129509,0.7174397068579552,1.0,0.7442707142647245
DSC05762.jpg,99.14372889397627,0.7888559185389102,7.521689429520896,2000.0,0.4866798674886922,0.7009598069712688,0.8588605864015515,1.0,0.7430160292697351
DSC05777.jpg,111.06961262290918,0.8045442514426658,7.221455479763671,2000.0,0.5563877854519828,0.7232338157413901,0.7223146438969777,1.0,0.7421877183503379
DSC05617.jpg,72.69629318543433,0.9325630949951792,7.460783913210532,2000.0,0.33209210522183635,0.9049926336809858,0.8311608504621247,1.0,0.7421079600792223
DSC05724.jpg,81.60417841549669,0.9744281953135442,7.0917222536241065,2000.0,0.38415953661370317,0.96443193914282,0.6633121704867915,1.0,0.7390182798671743
DSC05686.jpg,84.90768462416274,0.9179052269185426,7.226531619025395,2000.0,0.403468842743046,0.8841816600680962,0.7246232642922963,1.0,0.7370107206983971
DSC05583.jpg,85.3776654430364,0.9107266824238215,7.223569140918524,2000.0,0.4062159250650784,0.8739896935912854,0.7232759337669545,1.0,0.7350173876707358
DSC05614.jpg,95.6665737281762,0.8747696127653836,7.159553047319939,2000.0,0.4663555667867507,0.8229385022484382,0.6941615120203528,1.0,0.7344735980022054
DSC05726.jpg,61.682346306686405,0.8933940209025432,7.740964689210936,2000.0,0.2677145443696229,0.8493810970563356,0.9585866401224009,1.0,0.734376965599451
DSC05798.jpg,104.08293988197615,0.7989838618931019,7.28001044432223,2000.0,0.5155500227057501,0.7153392761270102,0.7489453524841835,1.0,0.7332888963403144
DSC05767.jpg,72.37420324937365,0.9403905407251751,7.330221059917575,2000.0,0.33020945909262345,0.9161058982902447,0.7717810638877242,1.0,0.7324455250778931
DSC05661.jpg,120.07254227196223,0.7867865986919353,6.98898077626493,2000.0,0.6090107604591039,0.6980218244142649,0.6165855032605663,1.0,0.7305257848934106
DSC05741.jpg,106.94258105840312,0.7616085103253813,7.338710666570841,2000.0,0.5322648957551335,0.6622744340107082,0.7756421240473121,1.0,0.7303765020386795
DSC05705.jpg,73.43490064500169,0.8339784794912365,7.697694982830474,2000.0,0.3364093356568176,0.7650239955978279,0.9389076436451739,1.0,0.729960328325537
DSC05627.jpg,65.82155140746423,0.9870690722430647,7.2285453732277825,2000.0,0.2919085895369634,0.9823792255318514,0.7255391166326458,1.0,0.7282752065705811
DSC05676.jpg,58.55231293080378,0.9709260281826946,7.37614772882099,2000.0,0.24941920334939724,0.9594596261593098,0.7926684428686264,1.0,0.7232243561183719
DSC05606.jpg,88.79012644397831,0.8567669290969796,7.237210914088391,2000.0,0.42616208225672425,0.7973786204958169,0.7294801914014402,1.0,0.7230893180812595
DSC05599.jpg,93.6124862921597,0.8313342039743113,7.231561409055791,2000.0,0.4543492315135092,0.761269701472637,0.7269108051278876,1.0,0.7220043558477895
DSC05697.jpg,42.80768486040142,0.9394598446121389,7.8320233935613235,1966.0,0.1573903636558265,0.9147845129326505,1.0,0.9807037457434733,0.721089173765779
DSC05582.jpg,109.53151775161372,0.72954409109676,7.304081268560279,2000.0,0.5473974755055672,0.6167499567135576,0.7598927266405839,1.0,0.7203852771581764
DSC05683.jpg,85.41147988636858,0.8130310880133456,7.464662305130829,1984.0,0.4064135736834408,0.7352832714334385,0.8329247371930798,0.9909194097616345,0.7200596898424165
DSC05703.jpg,70.74448526560478,0.9352513276640988,7.226698679093364,2000.0,0.32068360339102464,0.9088093373684316,0.7246992429564483,1.0,0.7183472639507049
DSC05594.jpg,55.3647100005196,0.9846527601272983,7.329452783815654,2000.0,0.23078736284061205,0.9789485896836634,0.7714316530881616,1.0,0.7182596868907318
DSC05689.jpg,51.8886360915402,0.9891399172406303,7.365457861481136,2000.0,0.210469382187018,0.9853193734698326,0.78780670750409,1.0,0.7170319995243816
DSC05770.jpg,63.18415808797953,0.9372582729537774,7.336794770053747,2000.0,0.27649277622448365,0.9116587616672208,0.774770777233005,1.0,0.7158166787307514
DSC05680.jpg,90.28648328688944,0.8355917382928099,7.199514160437228,2000.0,0.43490842948098907,0.7673144710049451,0.7123357653269637,1.0,0.7147682996609257
DSC05780.jpg,70.87198947563449,0.8785658169974416,7.400709653041196,2000.0,0.32142887755390803,0.828328283742544,0.8038391685480041,1.0,0.7142785679114092
DSC05645.jpg,81.07134190757687,0.8567212230559216,7.284753508146666,2000.0,0.3810450568463204,0.7973137278927839,0.7511024906785504,1.0,0.7138624471628021
DSC05665.jpg,72.24474054706747,0.9450595972170514,7.0898732282482095,2000.0,0.32945273735721264,0.9227349394947022,0.6624712365655248,1.0,0.7120138033939443
DSC05666.jpg,79.10468124868054,0.8270530913497336,7.40798071652756,2000.0,0.36954973935136753,0.7551914558916234,0.8071460371335154,1.0,0.7110919932050193
DSC05737.jpg,38.71719690426012,0.9503799974225329,7.699428243582647,2000.0,0.13348107480499183,0.9302887466177703,0.9396959279921072,1.0,0.7105556946943615
DSC05618.jpg,89.06964352890438,0.7759188566188403,7.405166141080172,2000.0,0.42779588604588026,0.682592002537551,0.8058659725121605,1.0,0.710159960950584
DSC05595.jpg,85.1955139737709,0.880618744272295,7.062934463649265,2000.0,0.4051512325051763,0.8312429924247877,0.6502195275064855,1.0,0.709400023359047
DSC05673.jpg,61.963415357474126,0.9149585315656205,7.357260655368955,2000.0,0.2693574195459754,0.8799979957784283,0.7840786306646881,1.0,0.7076224509413374
DSC05692.jpg,97.52394035670277,0.788157500250587,7.162567042896488,2000.0,0.4772120503406675,0.6999682054305083,0.6955322726123423,1.0,0.7072621209822958
DSC05667.jpg,78.93711547161195,0.8144715200314546,7.360938622648011,2000.0,0.36857030154140347,0.7373283705272016,0.7857513645744469,1.0,0.7020534560091108
DSC05674.jpg,45.20087196517093,0.9842904977077249,7.334287532484243,2000.0,0.17137876855410272,0.9784342561110547,0.7736304894098336,1.0,0.7007482924759612
DSC05620.jpg,80.32342187547808,0.8363468108914696,7.232979235527548,2000.0,0.3766733935444085,0.7683865093016718,0.7275556304451128,1.0,0.700609771477763
DSC05634.jpg,99.47833077060916,0.6838131367596942,7.437398607209778,2000.0,0.48863564709352786,0.5518219822615379,0.8205252489546574,1.0,0.6986512394843742
DSC05669.jpg,78.06423726548788,0.8847184907616893,7.043301588286611,2000.0,0.3634682458977765,0.8370637376767056,0.6412905257309163,1.0,0.6965645133346926
DSC05605.jpg,55.14984563046418,0.9315828631842221,7.295333240418564,2000.0,0.22953146028265564,0.9036009184434297,0.7559141367821319,1.0,0.6959424950520805
DSC05687.jpg,56.15644570956988,0.8928303602965042,7.425367169902721,2000.0,0.23541513291698715,0.8485808220137733,0.8150533696148782,1.0,0.6957804193015151
DSC05632.jpg,70.53169564875417,0.9161686621155278,7.044998105023893,2000.0,0.31943982796171394,0.881716117050267,0.6420620989559107,1.0,0.6946733974422631
DSC05586.jpg,118.859478516969,0.6182304680787845,7.2719693451472285,2000.0,0.6019202881184955,0.45870890604571796,0.7452882728417538,1.0,0.694310967515329
DSC05640.jpg,45.245037300487695,0.9546657526204251,7.3577606094505486,2000.0,0.17163691911477047,0.9363735836396563,0.7843060090185865,1.0,0.6924456734480625
DSC05622.jpg,70.02530988552284,0.8001745309248333,7.473371361316543,2000.0,0.31647995529789874,0.7170297662904838,0.8368856026653732,1.0,0.6915785486950652
DSC05786.jpg,97.27111556993714,0.7721254304728222,7.055971877657118,2000.0,0.4757342655579609,0.6772061653193092,0.647052954014928,1.0,0.6914324118002011
DSC05769.jpg,59.62568352968715,0.9558866748226796,7.060770995896225,2000.0,0.255693155984844,0.9381070267025673,0.6492355856716064,1.0,0.6910818206054163
DSC05610.jpg,87.76381923939464,0.8538622555582603,6.900932063590836,2000.0,0.42016321961070596,0.7932546180111243,0.5765410830072257,1.0,0.689670836987438
DSC05744.jpg,57.32788410078301,0.9296234585910801,7.190554013586992,2000.0,0.2422623010707086,0.9008189915580425,0.7082607042033493,1.0,0.6895355790513931
DSC05581.jpg,141.82521135274607,0.5108506148929873,7.171804222049463,2000.0,0.7361571679062243,0.3062529500006859,0.6997333276047789,1.0,0.6873570533929946
DSC05659.jpg,102.73498451866615,0.7368019359642591,7.035212075398365,2000.0,0.5076710961608074,0.6270545124125355,0.6376114276055325,1.0,0.6865872424724826
DSC05725.jpg,51.70511599938411,0.9556448396361952,7.132697825149065,2000.0,0.20939668989691995,0.9377636735178966,0.6819477979302011,1.0,0.6836494849345903
DSC05701.jpg,103.15830840898569,0.7088171677811825,7.062642386471723,2000.0,0.5101454643241247,0.5873222492228345,0.6500866912515458,1.0,0.6798915398532551
DSC05795.jpg,117.1373855499056,0.6087827157853161,7.182445913326291,2000.0,0.5918544919056763,0.44529515974560774,0.7045731525693177,1.0,0.6797947680219684
DSC05745.jpg,66.93505513984132,0.8851031755052313,7.068073054395425,2000.0,0.2984171241321859,0.837609906055714,0.6525565507416895,1.0,0.6794389239019222
DSC05711.jpg,55.655043977532884,0.8852689135080762,7.280982390502242,2000.0,0.23248439238673263,0.8378452178477034,0.7493873921246728,1.0,0.6790841006028802
DSC05623.jpg,70.96730291486023,0.7671348580662791,7.43772057976337,2000.0,0.3219859936178713,0.6701206416863517,0.8206716815810354,1.0,0.6782602948231564
DSC05708.jpg,68.71558832422889,0.8441686258698953,7.152248333278091,2000.0,0.3088245089406667,0.7794917794726034,0.690839339213523,1.0,0.6756881653930554
DSC05616.jpg,49.270957565043254,0.825689561973767,7.567406612875857,2000.0,0.19516880370354456,0.7532555417658257,0.8796526916744741,1.0,0.6727950648874146
DSC05650.jpg,97.48299359689038,0.6822911632551024,7.196543104583423,2000.0,0.4769727126581325,0.5496611120532664,0.7109845336553972,1.0,0.6727039985418357
DSC05707.jpg,54.07557266766042,0.9734356131388776,6.896123423442006,1992.0,0.22325223324477755,0.9630226890842433,0.5743541208005258,0.9954597048808173,0.6714670926248035
DSC05706.jpg,59.995103851037506,0.825701543168996,7.342864672990862,2000.0,0.25785245269106527,0.7532725524481745,0.7775313598324405,1.0,0.6711801458858513
DSC05624.jpg,93.68955583297308,0.6722335036132271,7.2749486024615795,2000.0,0.45479971026632937,0.5353814304297079,0.7466432345250699,1.0,0.6696139175923398
DSC05637.jpg,52.2328314069172,0.9840001672072188,6.860983623274038,1996.0,0.2124812363483528,0.9780220501644968,0.5583725932709525,0.9977298524404086,0.6693568652099227
DSC05639.jpg,62.34431323127304,0.8829070742525347,7.056588324664241,1997.0,0.2715838036314374,0.8344919215724212,0.6473333131737099,0.9982973893303064,0.6691391314498552
DSC05776.jpg,68.26574765539416,0.7772133141992192,7.324739965927467,2000.0,0.30619514769982153,0.6844298497884217,0.7692882706994768,1.0,0.6668236608969473
DSC05738.jpg,62.75545239427998,0.8756617438236249,7.036388043039539,2000.0,0.27398695091157177,0.8242051336449844,0.6381462558954335,1.0,0.6658766198638043
DSC05717.jpg,58.77697044877077,0.9644556159549993,6.72713178331784,2000.0,0.25073234778281867,0.9502730529529569,0.4974969805776861,1.0,0.662287363688622
DSC05609.jpg,60.42135625035161,0.9492575238773698,6.864925602258048,1924.0,0.2603439382663403,0.9286950791616694,0.5601653993015169,0.9568671963677639,0.6615268302225638
DSC05727.jpg,60.382899767832626,0.7535143049430094,7.464577549883923,2000.0,0.26011915649003586,0.6507824289149368,0.8328861906360353,1.0,0.657308592302952
DSC05591.jpg,58.03209723710459,0.9742315851304008,6.638821854365763,2000.0,0.24637849343440596,0.9641527955926099,0.45733375955946376,1.0,0.656418498840367
DSC05663.jpg,53.336789597995484,0.8475117783390134,7.234468954644711,1992.0,0.2189339763521725,0.784238326341147,0.7282331524278355,0.9954597048808173,0.6562513311967099
DSC05746.jpg,61.891818355487786,0.9306822449799053,6.659594520226602,1996.0,0.2689389283000166,0.9023222371517621,0.4667811363154714,0.9977298524404086,0.6490509281511418
DSC05713.jpg,54.84042358712371,0.8711970500529813,7.028786730827386,1978.0,0.22772285918411542,0.8178662429028447,0.63468919069305,0.9875141884222475,0.6465998037251177
DSC05677.jpg,63.98023320604105,0.830722502989146,6.961883593199953,2000.0,0.2811459105568116,0.76040121957645,0.6042617457247574,1.0,0.6452964272061075
DSC05766.jpg,57.49332025027792,0.7966347906464194,7.204054287344942,2000.0,0.24322929100615262,0.7120041076377107,0.7144006081210764,1.0,0.6438499358354888
DSC05764.jpg,61.776179851917036,0.7450256299878762,7.286316373410625,2000.0,0.2682630103132638,0.638730363118189,0.7518132794172906,1.0,0.6405241497569845
DSC05788.jpg,56.37069056528227,0.7891692791862365,7.217257762279132,2000.0,0.23666741435503472,0.701404710700019,0.7204055283863642,1.0,0.640432507658788
DSC05804.jpg,47.172048831932294,0.8788011152915401,7.564842699276228,1664.0,0.18290048371102485,0.8286623559666928,0.8784866276792306,0.8093076049943246,0.640059960889408
DSC05626.jpg,81.90004160633937,0.6743165871052658,7.147778139709764,2000.0,0.38588888493743234,0.5383389543588092,0.6888063019955183,1.0,0.6381126644700357
DSC05685.jpg,70.8819785701174,0.684872008914934,7.297514858332394,2000.0,0.32148726475560885,0.5533253496248479,0.7569063332824603,1.0,0.6361587834893867
DSC05678.jpg,70.28130131933123,0.664030106398085,7.3769925589312395,2000.0,0.31797624943197017,0.5237343967623433,0.7930526703144352,1.0,0.634937008083064
DSC05796.jpg,79.66426148000326,0.6846773452565058,7.103125190262221,2000.0,0.3728205387106041,0.5530489697149076,0.668498208680774,1.0,0.6338080457780629
DSC05752.jpg,87.67276962582879,0.6482029027531168,7.083000182399357,2000.0,0.41963102601086066,0.5012632218480141,0.6593453857945923,1.0,0.6330741904241802
DSC05604.jpg,38.24662412513404,0.9974885393696183,7.2232818064445965,1622.0,0.13073053241931543,0.9971725948197564,0.723145254486386,0.7854710556186152,0.6295091232326647
DSC05698.jpg,50.58742078155169,0.6963931083478914,7.55502082107646,2000.0,0.2028636556729148,0.5696827963583819,0.8740196524519558,1.0,0.628083726281861
DSC05733.jpg,48.03545465710948,0.8529408856105734,7.056512521083004,1952.0,0.18794717239242323,0.7919464737729055,0.6472988378205609,0.9727582292849035,0.6270200950462914
DSC05696.jpg,40.17189305837418,0.8828903982783474,7.265189251282761,1839.0,0.1419839113643057,0.8344682453285795,0.7422046964915716,0.9086265607264472,0.6268098142213627
DSC05649.jpg,98.58751311266893,0.6361919540363614,6.80966922417724,2000.0,0.48342873365789735,0.4842102960402985,0.5350348828141772,1.0,0.6230881706702792
DSC05736.jpg,68.47386629432762,0.6534433686601467,7.260500489279305,2000.0,0.3074116208215751,0.5087035397128119,0.7400722546825779,1.0,0.6174138221111911
DSC05628.jpg,60.902466955112125,0.8074157632107127,6.946866487524725,1908.0,0.2631560758236891,0.7273107357492307,0.5974319889641613,0.9477866061293984,0.6172075560095962
DSC05704.jpg,44.66746473042252,0.9519722993871356,6.86640865471101,1796.0,0.1682609528344458,0.9325494678901848,0.5608398892955269,0.8842224744608399,0.6168392492971952
DSC05597.jpg,77.22667589758878,0.6456153747708919,7.115968776390667,1958.0,0.3585726205127086,0.49758949683704023,0.6743394520660257,0.9761634506242906,0.6108779134323504
DSC05722.jpg,56.229546306768086,0.7298057420540027,7.113898255128965,2000.0,0.2358424128191212,0.6171214439679452,0.6733977821536675,1.0,0.6097126412684561
DSC05590.jpg,56.04159899731357,0.7799812275963209,6.882962985130389,2000.0,0.23474384302532958,0.6883596827196964,0.5683687735255551,1.0,0.606186828292634
DSC05589.jpg,43.51495727822671,0.7398384697720373,7.509586701165375,1841.0,0.16152443780916179,0.6313657277010017,0.8533562840016474,0.9097616345062429,0.6044104286948893
DSC05693.jpg,69.11639652913301,0.6444891983540008,7.100764549539396,2000.0,0.31116727079391937,0.4959905721112312,0.6674245928799181,1.0,0.6008327428419672
DSC05653.jpg,34.144341961592204,0.9739230497761422,7.591388656759712,1253.0,0.10675230531110667,0.9637147427269035,0.890559688661174,0.576049943246311,0.5950788008188704
DSC05729.jpg,53.344548240451246,0.6840949540113027,7.242453771125356,1949.0,0.21897932635089004,0.5522221012526638,0.7318646347867003,0.97105561861521,0.5928861548295755
DSC05608.jpg,45.636276859629334,0.9889823904397447,6.723243133462922,1599.0,0.1739237513288457,0.9850957197925437,0.49572842855370797,0.7724177071509648,0.5907011678452725
DSC05801.jpg,35.26898922479992,0.9573509499040609,6.889721200922595,1657.0,0.11332597489763191,0.940185977742467,0.5714423997618361,0.8053348467650397,0.5846664785485335
DSC05664.jpg,37.06674844203306,0.943656771907278,6.7644568119281265,1744.0,0.12383404749678098,0.9207432337191728,0.514472346670438,0.8547105561861521,0.5839081310594532
DSC05803.jpg,35.78062222391696,0.9085684750105008,7.6635891895253545,1266.0,0.11631651815131448,0.8709255100896375,0.9233963808600042,0.583427922814983,0.5831625898435504
DSC05679.jpg,37.47577084671361,0.77547608190976,7.109774609965453,1926.0,0.12622482212436245,0.6819633590855192,0.6715223546216996,0.9580022701475596,0.5821633248699183
DSC05790.jpg,41.847171207710346,0.9799500459111347,6.714667644691159,1600.0,0.1517760705412649,0.9722717618564614,0.4918283093375946,0.7729852440408627,0.5802127345042294
DSC05728.jpg,52.06561498262507,0.6999382519104282,7.356731965578192,1755.0,0.2115038405383977,0.5747161264953516,0.7838381833540805,0.8609534619750284,0.5791361859499304
DSC05633.jpg,84.45976695441294,0.5098670754816046,7.060088969324558,2000.0,0.4008507216136678,0.3048565386924038,0.6489254010268761,1.0,0.5762544313625766
DSC05625.jpg,75.69274286091598,0.4925732064825685,7.2254155917775575,2000.0,0.34960663688315535,0.28030301907263294,0.7241156968018776,1.0,0.5697808851934804
DSC05601.jpg,59.72246493749651,0.6569720077813257,7.072820968028972,1875.0,0.25625885246397195,0.5137134371451209,0.6547158946218442,0.9290578887627696,0.568513666140533
DSC05699.jpg,51.93711387994914,0.62036200213715,7.210816699956859,1902.0,0.210752739443743,0.46173521920474586,0.7174761430645621,0.9443813847900113,0.5582502014447246
DSC05747.jpg,35.91417999722858,0.9619732264102088,6.840856033289035,1482.0,0.11709717596393257,0.9467486015768464,0.5492185960395596,0.7060158910329172,0.5581639951495325
DSC05572.jpg,88.67896222390861,0.541144080715295,6.603167547376287,2000.0,0.42551231688006946,0.3492630599685796,0.44111823511207165,1.0,0.55319310707858
DSC05785.jpg,32.30650177999672,0.6998154866102964,7.207383866834678,1884.0,0.09600995568568733,0.574541826562492,0.7159148957955301,0.9341657207718501,0.5491628526983978
DSC05575.jpg,80.58564544800794,0.5714827901858164,6.5537870325007015,2000.0,0.3782061151185428,0.39233740604258405,0.4186600522500059,1.0,0.54527819649621
DSC05593.jpg,57.21195006893911,0.6625004661218187,6.984255036150315,1760.0,0.2415846556932577,0.5215626414115546,0.6144362438630077,0.8637911464245176,0.5417010924395969
DSC05702.jpg,61.67696600291833,0.6110419411191936,6.795446072575804,1954.0,0.26768309598540185,0.448502766647449,0.5285662151555932,0.9738933030646992,0.5416171892547763
DSC05802.jpg,40.49411106553575,0.82730862305974,7.154580105938525,1416.0,0.1438673060812122,0.7555542551504512,0.6918998258636265,0.6685584562996595,0.5375683348596166
DSC05799.jpg,58.948530178887985,0.6852245610847795,6.422467093418098,1993.0,0.25173513062597197,0.5538258967620892,0.35893594421300073,0.9960272417707151,0.5347710126635928
DSC05800.jpg,114.44082189313224,0.5221214479280027,5.871014075937945,2000.0,0.5760928223773111,0.32225507306937795,0.10813595280727616,1.0,0.5250188055419931
DSC05657.jpg,39.12930996564574,0.9621333858671268,6.502532202837084,1367.0,0.13588991461322963,0.9469759930511282,0.39534943388060023,0.6407491486946651,0.5167681465965372
DSC05715.jpg,69.52814975014215,0.7127059773672129,6.518646170701123,1588.0,0.3135740073011345,0.5928435101086127,0.40267804189199524,0.7661748013620885,0.5143623884364147
DSC05768.jpg,44.476685085930775,0.8909439391932528,6.684925076821822,1345.0,0.16714582777457013,0.8459025157555025,0.47830143482687093,0.6282633371169126,0.514345498515849
DSC05613.jpg,42.862652570186434,0.8925389185615824,6.356746954048244,1452.0,0.15771165511660332,0.8481670383568704,0.32904652504822907,0.6889897843359818,0.49741200721783985
DSC05612.jpg,48.71547991344381,0.8544978182515703,6.297354536582087,1506.0,0.191921984310681,0.7941569783250975,0.3020349441557306,0.7196367763904654,0.49643202280324117
DSC05694.jpg,39.522213642990664,0.5609369742145885,7.168687615438306,1734.0,0.13818647375554202,0.3773646489706721,0.6983158996707276,0.8490351872871736,0.4877190811252695
DSC05755.jpg,42.85805945894635,0.7447235345726656,7.1739368238833485,1223.0,0.15768480794713585,0.6383014535604243,0.7007032316666958,0.5590238365493757,0.4867774112449299
DSC05684.jpg,49.55414454261635,0.6904299037805239,7.220556559221395,1205.0,0.1968240583622032,0.5612163473324454,0.721905816205169,0.5488081725312145,0.4809345107156098
DSC05805.jpg,40.8442672739424,0.7653544144197357,7.02754257878895,1200.0,0.14591400222589546,0.6675928002871981,0.634123352243252,0.5459704880817253,0.4739896932086499
DSC05662.jpg,32.150819328555926,0.7253041910989078,7.276864336097443,1206.0,0.0950999770375616,0.6107302240679053,0.7475145072612419,0.5493757094211124,0.46805937793577135
DSC05735.jpg,45.860080321175424,0.5492670476783703,6.889691958586079,1618.0,0.1752319037217377,0.36079590023178143,0.5714291003917821,0.7832009080590239,0.45285459326757904
DSC05712.jpg,26.850339351105358,0.8789844801570824,6.420725327452654,1244.0,0.06411817041992746,0.8289226940566784,0.35814379170804167,0.5709421112372304,0.4408304107910638
DSC05630.jpg,27.57908790325375,0.69883405034056,7.578201416392983,941.0,0.06837777460890544,0.5731484012563405,0.8845621518524107,0.39897843359818386,0.4404574714667849
DSC05751.jpg,41.037736935285686,0.5511413197825381,6.455892976068187,1817.0,0.1470448506886039,0.36345695756285284,0.3741379846690993,0.8961407491486947,0.4338404788182879
DSC05621.jpg,42.55273907692634,0.46524032644338176,6.600676664554861,1889.0,0.15590018144681733,0.24149629477372545,0.4399853854033856,0.9370034052213394,0.42939205651348855
DSC05656.jpg,37.36741189752164,0.7672178240210397,6.936430605353174,979.0,0.12559145382122053,0.6702384352349265,0.5926857656668517,0.42054483541430193,0.42891040694204363
DSC05615.jpg,37.328749528022,0.43979586623780476,7.2487336284613235,1566.0,0.12536546861604794,0.20537071449397795,0.7347207043265619,0.753688989784336,0.42431870751970524
DSC05654.jpg,31.52822184044514,0.9231848992639898,6.911549017754279,640.0,0.09146083585424732,0.8916776425187048,0.5813696575703204,0.22814982973893302,0.4236690503347477
DSC05658.jpg,42.54784653850426,0.6061645468192145,6.708873238985021,1414.0,0.15587158409716084,0.441577931224874,0.4891930224586848,0.6674233825198638,0.42185040815706965
DSC05754.jpg,29.502741411574082,0.727576840741165,7.3496105162685215,759.0,0.07962171124250435,0.6139568905578122,0.7805993590679734,0.2956867196367764,0.4074172877349931
DSC05695.jpg,31.96094639197867,0.8668012043394525,6.308330643769223,1016.0,0.09399015177117348,0.8116251013758312,0.30702686096630655,0.44154370034052215,0.40289461815370176
DSC05789.jpg,25.748666828788835,0.8139600165924452,6.28648439670867,1094.0,0.05767879036612552,0.7366021472786042,0.29709122111783826,0.4858115777525539,0.38232531259119484
DSC05646.jpg,30.432402214281097,0.6137362930353495,7.085207648001604,1013.0,0.08505566653183586,0.45232815833045453,0.6603493377841957,0.4398410896708286,0.38062887951671065
DSC05652.jpg,21.947454824752054,0.9047608638452946,7.25916412072794,238.0,0.03546034680578564,0.8655195332400061,0.7394644763033269,0.0,0.3749108826124026
DSC05611.jpg,40.765412792710485,0.5982352702522098,6.7392822043934375,1095.0,0.14545309032756656,0.43032008905147767,0.5030229735539518,0.48637911464245176,0.37341532273254274
DSC05607.jpg,32.477343840693045,0.665546221683659,6.802446605916472,827.0,0.09700854368322136,0.5258869495781563,0.53175004704339,0.33427922814982974,0.3504941169456409
DSC05603.jpg,27.085971321235025,0.6440504061897397,7.13313917789285,714.0,0.06549546156385153,0.4953675830036588,0.6821485244850288,0.27014755959137343,0.34745712901491926
DSC05585.jpg,24.622853807444038,0.50830676811864,7.095526596500001,1093.0,0.051098306813069,0.30264124277154536,0.6650423798252744,0.48524404086265605,0.34530928891752594
DSC05719.jpg,33.92796707608582,0.5192483662616701,7.0557691979472095,944.0,0.10548757364752329,0.3181759241485995,0.6469607755919402,0.40068104426787743,0.3407526693167643
DSC05718.jpg,23.248523817561317,0.5671331539249097,7.296244172142705,658.0,0.04306521808214215,0.38616187185315587,0.7563284271411364,0.2383654937570942,0.3203170922554325
DSC05600.jpg,27.18380554319176,0.40881445681668477,7.175776690377484,955.0,0.06606731184121228,0.1613838747583454,0.7015400001425043,0.4069239500567537,0.3022051497846393
DSC05629.jpg,22.167502599302814,0.5749648357699946,7.472157519335044,394.0,0.03674654685309749,0.3972811508213158,0.8363335491832486,0.08853575482406356,0.2997449003039238
DSC05592.jpg,29.929318231916437,0.4778146150743647,7.027755443884987,748.0,0.08211509308936284,0.25934904031162154,0.634220162964319,0.28944381384790013,0.28867677405955305
DSC05748.jpg,28.27838116621717,0.5849032875534587,6.8059987025992585,590.0,0.07246520984766049,0.4113915833028521,0.533365535197913,0.19977298524404086,0.28120381213060397
DSC05716.jpg,45.90187698825914,0.559180690594154,6.414143450096144,611.0,0.17547620919263054,0.3748711095357067,0.3551503639234057,0.21169125993189558,0.2703135279093709
DSC05690.jpg,31.022660238532833,0.4466255017708154,6.741724571201498,827.0,0.08850578049126447,0.21506730639397487,0.504133758253744,0.33427922814982974,0.26471511943407927
DSC05731.jpg,23.79607050455761,0.43879640037611917,7.280563170484471,536.0,0.04626568023704396,0.20395169110218772,0.7491967314998846,0.16912599318955732,0.25698847144402637
DSC05647.jpg,31.329645470466545,0.3824761166638029,6.769826142060334,756.0,0.09030013819673673,0.1239891800412737,0.516914309826548,0.2939841089670829,0.23496622567641978
DSC05648.jpg,33.482691407822486,0.45544412385207245,5.865482414241757,1066.0,0.10288489526662922,0.22758782509939346,0.10562016150341723,0.4699205448354143,0.22636659336437415
DSC05753.jpg,19.79035094911293,0.46269743801549357,7.136046683604794,303.0,0.022851870702958278,0.23788594818739933,0.683470853648989,0.03688989784335982,0.21224369344837507
DSC05749.jpg,33.633116777635884,0.37808121438083525,6.465708015964157,744.0,0.10376414577559659,0.11774937797975489,0.3786018498462354,0.28717366628830876,0.20808037476894195
DSC05794.jpg,29.26837298423302,0.40586889134305143,6.623634707151827,615.0,0.07825180562564506,0.15720181465067332,0.4504266681663701,0.21396140749148695,0.20635168085650762
DSC05596.jpg,25.183429224000378,0.4247732708894173,6.621924564967386,617.0,0.05437492312408876,0.1840419077563376,0.4496488981087861,0.21509648127128264,0.20602685381588892
DSC05793.jpg,16.79999771560711,0.45783951269163936,7.087848549583944,262.0,0.005372973321394065,0.23098875446184927,0.6615504157965724,0.01362088535754824,0.19507438511058206
DSC05750.jpg,25.730034148176262,0.4389927047833497,6.024250130108531,774.0,0.05756988058626356,0.20423040051733654,0.17782747656507894,0.30419977298524403,0.17994400286454
DSC05721.jpg,27.503020017727508,0.4071176503403211,5.827843740240384,726.0,0.06793315062594307,0.15897477988717043,0.08850214996509609,0.27695800227014755,0.14706357072013163
DSC05791.jpg,30.444426219827193,0.48845032170609226,5.633247331451914,464.0,0.08512594798109768,0.27444942250295223,0.0,0.1282633371169126,0.1262159742992955
DSC05651.jpg,15.880769929412887,0.2951463704548276,6.663086428278867,348.0,0.0,0.0,0.4683692507726189,0.06242905788876277,0.10928111462671447
